__v,_id,category_id,title
0,5e893063ed2fcd95067ac700,1,Film & Animation
0,5e893063ed2fcd95067ac702,10,Music
0,5e893063ed2fcd95067ac703,15,Pets & Animals
0,5e893063ed2fcd95067ac704,17,Sports
0,5e893063ed2fcd95067ac705,18,Short Movies
0,5e893063ed2fcd95067ac706,19,Travel & Events
0,5e893063ed2fcd95067ac707,20,Gaming
0,5e893063ed2fcd95067ac708,21,Videoblogging
0,5e893063ed2fcd95067ac709,22,People & Blogs
0,5e893063ed2fcd95067ac70a,23,Comedy
0,5e893063ed2fcd95067ac70b,24,Entertainment
0,5e893063ed2fcd95067ac70c,25,News & Politics
0,5e893063ed2fcd95067ac70d,26,Howto & Style
0,5e893063ed2fcd95067ac70e,27,Education
0,5e893063ed2fcd95067ac70f,28,Science & Technology
0,5e893063ed2fcd95067ac710,29,Nonprofits & Activism
0,5e893063ed2fcd95067ac711,30,Movies
0,5e893063ed2fcd95067ac712,31,Anime/Animation
0,5e893063ed2fcd95067ac713,32,Action/Adventure
0,5e893063ed2fcd95067ac715,34,Comedy
0,5e893063ed2fcd95067ac716,35,Documentary
0,5e893063ed2fcd95067ac717,36,Drama
0,5e893063ed2fcd95067ac718,37,Family
0,5e893063ed2fcd95067ac719,38,Foreign
0,5e893063ed2fcd95067ac71a,39,Horror
0,5e893063ed2fcd95067ac71b,40,Sci-Fi/Fantasy
0,5e893063ed2fcd95067ac71c,41,Thriller
0,5e893063ed2fcd95067ac71d,42,Shorts
0,5e893063ed2fcd95067ac71e,43,Shows
0,5e893063ed2fcd95067ac71f,44,Trailers
0,5e893063ed2fcd95067ac701,2,Autos & Vehicles
0,5e893063ed2fcd95067ac714,33,Classics